{
  "id": "innil-custom-stuff",
  "title": "Innil's Custom Stuff",
  "version": "10.6.1",
  "authors": [
    {
      "name": "Innil",
      "url": "https://github.com/InnilToo",
      "discord": "Innil#6666",
      "flags": {}
    }
  ],
  "compatibility": {
    "minimum": "10",
    "maximum": "10",
    "verified": "10.291"
  },
  "esmodules": ["setup.mjs"],
  "styles": ["styles/styles.css", "styles/sheetEdits.css"],
  "languages": [
    {
      "lang": "en",
      "name": "English",
      "path": "languages/en.json",
      "flags": {}
    }
  ],
  "url": "https://github.com/InnilToo/innil-custom-stuff",
  "manifest": "https://raw.githubusercontent.com/InnilToo/innil-custom-stuff/main/module.json",
  "download": "https://github.com/InnilToo/innil-custom-stuff/raw/main/module.zip"
}
