{
  "id": "innil-custom-stuff",
  "title": "Innil's Custom Stuff",
  "version": "11.0.16",
  "authors": [
    {
      "name": "Innil",
      "url": "https://github.com/InnilToo",
      "discord": "innil"
    }
  ],
  "compatibility": {
    "minimum": "11",
    "maximum": "11",
    "verified": "11"
  },
  "esmodules": ["./setup.mjs"],
  "styles": ["./styles/styles.css", "./styles/sheetEdits.css"],
  "languages": [
    {
      "lang": "en",
      "name": "English",
      "path": "languages/en.json",
      "description": "Personal module for replacing or adding to many things."
    }
  ],
  "flags": {
    "hotReload": {
      "extensions": ["css", "hbs", "json"],
      "paths": ["styles/styles.css"]
    }
  },
  "url": "https://github.com/InnilToo/innil-custom-stuff",
  "manifest": "https://raw.githubusercontent.com/InnilToo/innil-custom-stuff/main/module.json",
  "download": "https://github.com/InnilToo/innil-custom-stuff/raw/main/module.zip"
}
