{
	"id": "innil-custom-stuff",
	"title": "Innil's Custom Stuff",
	"description": "Personal module for replacing or adding to many things. Modular (see settings).",
	"version": "2.2.0",
	"authors": [
		{
			"name": "Innil",
			"url": "https://github.com/InnilToo",
			"discord": "Innil#6666",
			"flags": {}
		}
	],
	"compatibility": {
		"minimum": "10",
		"maximum": "10",
		"verified": "10.291"
	},
	"esmodules": ["setup.js"],
	"styles": ["styles/styles.css", "styles/sheet_coloring.css", "styles/raritycolors.css", "styles/template-styles.css"],
	"languages": [
		{
			"lang": "en",
			"name": "English",
			"path": "languages/en.json",
			"flags": {}
		}
	],
	"url": "https://github.com/InnilToo/innil-custom-stuff",
	"manifest": "https://raw.githubusercontent.com/InnilToo/innil-custom-stuff/main/module.json",
	"download": "https://github.com/InnilToo/innil-custom-stuff/raw/main/module.zip"
}
